{
  "Layer_TEST.gcode": {
    "hash": "01ec0960b02104c2961b1fe6ab92776503fe56a4",
    "analysis": {
      "analysisPending": false,
      "estimatedPrintTime": 760.0060655480647,
      "printingArea": {
        "maxX": 302.2120056152344,
        "maxY": 140.0,
        "maxZ": 0.6499999761581421,
        "minX": 2.0,
        "minY": 10.0,
        "minZ": 0
      },
      "dimensions": {
        "width": 300.2120056152344,
        "depth": 130.0,
        "height": 0.6499999761581421
      },
      "filament": {
        "tool0": {
          "length": 610.3325347304344,
          "volume": 1.4680217837569145
        }
      },
      "firstFilament": 0.01962487748373875,
      "lastFilament": 0.6749754967477501,
      "progress": [
        [
          0,
          760.0060655480647
        ],
        [
          0.01962487748373875,
          571.8892810360605
        ],
        [
          0.14474739374498796,
          511.6561030903951
        ],
        [
          0.26265258843446493,
          451.10855883054506
        ],
        [
          0.35220083756571324,
          390.3855523402364
        ],
        [
          0.40272208856811903,
          329.2829035877988
        ],
        [
          0.5167513142653479,
          269.08936568213494
        ],
        [
          0.553818052214203,
          208.5694294607108
        ],
        [
          0.5786108883542724,
          145.8088699143803
        ],
        [
          0.6034260001782055,
          83.92087069960401
        ],
        [
          0.6417179007395527,
          23.432998243161432
        ],
        [
          0.6749754967477501,
          5.734974943802809
        ],
        [
          1,
          0
        ]
      ],
      "analysisPrintTime": 674.374209508251,
      "analysisFirstFilamentPrintTime": 45.39116684852422,
      "analysisLastFilamentPrintTime": 611.5454729407819,
      "compensatedPrintTime": 760.0060655480647
    },
    "dashboard": {
      "layer_move_array": "[6, 712, 347]",
      "filament_change_array": "[]"
    },
    "continuousprint": {
      "profile": ""
    },
    "history": [
      {
        "timestamp": 1766774139.4201822,
        "success": false,
        "printerProfile": "_default"
      }
    ],
    "statistics": {
      "averagePrintTime": {},
      "lastPrintTime": {}
    }
  },
  "Layer_TEST.aw.gcode": {
    "hash": "64cc7d271902dfee4f47dea8484c0f9624d43d08",
    "arc_welder": true,
    "arc_welder_statistics": {
      "source_file_total_length": 12764.626734106667,
      "target_file_total_length": 12764.626734106667,
      "source_file_total_count": 992,
      "target_file_total_count": 0,
      "segment_statistics_text": "   Min          Max     Source  Target   Change\n-----------------------------------------------\n  0.000mm to   0.002mm       0       0     0.0%\n  0.002mm to   0.005mm       0       0     0.0%\n  0.005mm to   0.010mm       0       0     0.0%\n  0.010mm to   0.050mm       2       2     0.0%\n  0.050mm to   0.100mm       4       4     0.0%\n  0.100mm to   0.500mm     355     345    -2.8%\n  0.500mm to   1.000mm      95      69   -27.4%\n  1.000mm to   5.000mm     154     168     9.1%\n  5.000mm to  10.000mm      30      30     0.0%\n 10.000mm to  20.000mm      70      70     0.0%\n 20.000mm to  50.000mm     262     262     0.0%\n 50.000mm to 100.000mm      18      18     0.0%\n          >= 100.000mm       2       2     0.0%\n-----------------------------------------------\n       Total distance:..............12764.627mm\n   Total count source:......................992\n   Total count target:......................970\n Total percent change:....................-2.2%",
      "seconds_elapsed": 0.062679,
      "gcodes_processed": 1093,
      "lines_processed": 1503,
      "points_compressed": 40,
      "arcs_created": 18,
      "source_file_size": 44892,
      "source_file_position": 44892,
      "target_file_size": 44771,
      "compression_ratio": 1.0027025938034058,
      "compression_percent": 0.26953816413879395,
      "source_filename": "Layer_TEST.gcode",
      "target_filename": "Layer_TEST.aw.gcode",
      "preprocessing_job_guid": "3584f63b-fdfc-412c-a014-ed12477f9578"
    },
    "analysis": {
      "analysisPending": false,
      "estimatedPrintTime": 760.0064689065277,
      "printingArea": {
        "maxX": 302.2120056152344,
        "maxY": 140.0,
        "maxZ": 0.6499999761581421,
        "minX": 2.0,
        "minY": 10.0,
        "minZ": 0
      },
      "dimensions": {
        "width": 300.2120056152344,
        "depth": 130.0,
        "height": 0.6499999761581421
      },
      "filament": {
        "tool0": {
          "length": 610.3324431777,
          "volume": 1.468021563546782
        }
      },
      "firstFilament": 0.0239751996074758,
      "lastFilament": 0.6745840581649494,
      "progress": [
        [
          0,
          760.0064689065277
        ],
        [
          0.0239751996074758,
          571.8896843945236
        ],
        [
          0.1479994647397297,
          511.65665994518355
        ],
        [
          0.2610062893081761,
          451.10855883054506
        ],
        [
          0.3506623845845042,
          390.3855523402364
        ],
        [
          0.4012444801284625,
          329.2829035877988
        ],
        [
          0.5161693206655069,
          269.08936568213494
        ],
        [
          0.5532806994067532,
          208.5694294607108
        ],
        [
          0.5781033944422141,
          145.8088699143803
        ],
        [
          0.6029483919889379,
          83.92087069960401
        ],
        [
          0.6412864088496365,
          23.432998243161432
        ],
        [
          0.6745840581649494,
          5.734974943802809
        ],
        [
          1,
          0
        ]
      ],
      "analysisPrintTime": 674.3746128667141,
      "analysisFirstFilamentPrintTime": 45.39116684852422,
      "analysisLastFilamentPrintTime": 611.5458762992449,
      "compensatedPrintTime": 760.0064689065277
    },
    "dashboard": {
      "layer_move_array": "[6, 690, 347]",
      "filament_change_array": "[]"
    },
    "continuousprint": {
      "profile": ""
    }
  }
}