[{"key": "themeify", "name": "Themeify", "url": "https://github.com/birkbjo/OctoPrint-Themeify"}, {"key": "CR10_Leveling", "name": "Manual Bed Tramming", "url": "https://github.com/lsellens/octoprint-manual_bed_tramming"}, {"key": "webcamtab", "name": "WebcamTab", "url": "https://github.com/gruvin/OctoPrint-WebcamTab"}, {"key": "dashboard", "name": "Dashboard", "url": "https://github.com/j7126/OctoPrint-Dashboard"}, {"key": "navbartemp", "name": "Navbar Temperature Plugin", "url": "https://github.com/imrahil/OctoPrint-NavbarTemp"}, {"key": "octopod", "name": "OctoPod Plugin", "url": "https://github.com/gdombiak/OctoPrint-OctoPod"}, {"key": "customControl", "name": "Custom Control Editor", "url": "https://github.com/Salandora/octoprint-customControl"}, {"key": "preheat", "name": "Preheat Button", "url": "https://github.com/marian42/octoprint-preheat"}, {"key": "smartpreheat", "name": "Smart Preheat", "url": "https://github.com/kantlivelong/OctoPrint-SmartPreheat"}, {"key": "octoeverywhere", "name": "OctoEverywhere!", "url": "http://www.OctoEverywhere.com"}, {"key": "arc_welder", "name": "Arc-Welder", "url": "https://github.com/FormerLurker/ArcWelderPlugin"}, {"key": "bedlevelvisualizer", "name": "Bed Visualizer", "url": "https://github.com/jneilliii/OctoPrint-BedLevelVisualizer"}, {"key": "psucontrol", "name": "PSU Control", "url": "https://github.com/kantlivelong/OctoPrint-PSUControl"}, {"key": "psucontrol_tapo", "name": "PSU Control - Tapo", "url": "https://github.com/dswd/OctoPrint-PSUControl-Tapo"}, {"key": "PrintTimeGenius", "name": "PrintTimeGenius Plugin", "url": "https://github.com/eyal0/OctoPrint-PrintTimeGenius"}, {"key": "SimplyPrint", "name": "SimplyPrint Cloud", "url": "https://simplyprint.io/"}, {"key": "continuousprint", "name": "Continuous Print", "url": "https://github.com/smartin015/continuousprint"}]