[
  {
    "key": "themeify",
    "name": "Themeify",
    "url": "https://github.com/birkbjo/OctoPrint-Themeify",
    "archive": "https://github.com/birkbjo/OctoPrint-Themeify/archive/master.zip"
  },
  {
    "key": "CR10_Leveling",
    "name": "Manual Bed Tramming",
    "url": "https://github.com/lsellens/octoprint-manual_bed_tramming",
    "archive": "https://github.com/lsellens/octoprint-manual_bed_tramming/archive/master.zip"
  },
  {
    "key": "CalibrationTools",
    "name": "Calibration Tools",
    "url": "https://github.com/SergiuToporjinschi/OctoPrint-CalibrationTools",
    "archive": "https://github.com/SergiuToporjinschi/OctoPrint-CalibrationTools/archive/main.zip"
  },
  {
    "key": "webcamtab",
    "name": "WebcamTab",
    "url": "https://github.com/gruvin/OctoPrint-WebcamTab",
    "archive": "https://github.com/gruvin/OctoPrint-WebcamTab/archive/master.zip"
  },
  {
    "key": "timelapseplus",
    "name": "Timelapse+",
    "url": "https://github.com/cmuche/octoprint-timelapseplus",
    "archive": "https://github.com/cmuche/octoprint-timelapseplus/archive/master.zip"
  },
  {
    "key": "HeaterTimeout",
    "name": "HeaterTimeout",
    "url": "https://github.com/Andy-ch/OctoPrint-HeaterTimeout",
    "archive": "https://github.com/Andy-ch/OctoPrint-HeaterTimeout/archive/master.zip"
  },
  {
    "key": "dashboard",
    "name": "Dashboard",
    "url": "https://github.com/j7126/OctoPrint-Dashboard",
    "archive": "https://github.com/j7126/OctoPrint-Dashboard/archive/master.zip"
  },
  {
    "key": "navbartemp",
    "name": "Navbar Temperature Plugin",
    "url": "https://github.com/imrahil/OctoPrint-NavbarTemp",
    "archive": "https://github.com/imrahil/OctoPrint-NavbarTemp/archive/master.zip"
  },
  {
    "key": "octopod",
    "name": "OctoPod Plugin",
    "url": "https://github.com/gdombiak/OctoPrint-OctoPod",
    "archive": "https://github.com/gdombiak/OctoPrint-OctoPod/archive/master.zip"
  },
  {
    "key": "customControl",
    "name": "Custom Control Editor",
    "url": "https://github.com/Salandora/octoprint-customControl",
    "archive": "https://github.com/Salandora/octoprint-customControl/archive/master.zip"
  },
  {
    "key": "z_probe_offset",
    "name": "Z Probe Offset",
    "url": "https://framagit.org/razer/octoprint_z_probe_offset",
    "archive": "https://framagit.org/razer/octoprint_z_probe_offset/-/archive/latest/octoprint_z_probe_offset-latest.zip"
  },
  {
    "key": "octoeverywhere",
    "name": "OctoEverywhere!",
    "url": "http://www.OctoEverywhere.com",
    "archive": "https://github.com/QuinnDamerell/OctoPrint-OctoEverywhere/archive/master.zip"
  },
  {
    "key": "arc_welder",
    "name": "Arc-Welder",
    "url": "https://github.com/FormerLurker/ArcWelderPlugin",
    "archive": "https://github.com/FormerLurker/ArcWelderPlugin/archive/master.zip"
  },
  {
    "key": "bedlevelvisualizer",
    "name": "Bed Visualizer",
    "url": "https://github.com/jneilliii/OctoPrint-BedLevelVisualizer",
    "archive": "https://github.com/jneilliii/OctoPrint-BedLevelVisualizer/archive/master.zip"
  },
  {
    "key": "psucontrol",
    "name": "PSU Control",
    "url": "https://github.com/kantlivelong/OctoPrint-PSUControl",
    "archive": "https://github.com/kantlivelong/OctoPrint-PSUControl/archive/master.zip"
  },
  {
    "key": "cancelobject",
    "name": "Cancel Objects",
    "url": "https://github.com/paukstelis/OctoPrint-Cancelobject",
    "archive": "https://github.com/paukstelis/OctoPrint-Cancelobject/archive/master.zip"
  },
  {
    "key": "psucontrol_tapo",
    "name": "PSU Control - Tapo",
    "url": "https://github.com/dswd/OctoPrint-PSUControl-Tapo",
    "archive": "https://github.com/dswd/OctoPrint-PSUControl-Tapo/archive/master.zip"
  },
  {
    "key": "simplyfilamentsensor",
    "name": "SimplyFilamentSensor",
    "url": "https://github.com/SimplyPrint/OctoPrint-SimplyFilamentSensor"
  },
  {
    "key": "webcamextras",
    "name": "WebcamExtras Plugin",
    "url": "https://github.com/poulou0/OctoPrint-Webcamextras",
    "archive": "https://github.com/poulou0/OctoPrint-WebcamExtras/archive/refs/heads/main.zip"
  },
  {
    "key": "dragon_order",
    "name": "Dragon Order",
    "url": "https://github.com/jneilliii/OctoPrint-DragonOrder",
    "archive": "https://github.com/jneilliii/OctoPrint-DragonOrder/archive/master.zip"
  },
  {
    "key": "PrintTimeGenius",
    "name": "PrintTimeGenius Plugin",
    "url": "https://github.com/eyal0/OctoPrint-PrintTimeGenius",
    "archive": "https://github.com/eyal0/OctoPrint-PrintTimeGenius/archive/master.zip"
  },
  {
    "key": "backupscheduler",
    "name": "Backup Scheduler",
    "url": "https://github.com/jneilliii/OctoPrint-BackupScheduler",
    "archive": "https://github.com/jneilliii/OctoPrint-BackupScheduler/archive/master.zip"
  },
  {
    "key": "SimplyPrint",
    "name": "SimplyPrint Cloud",
    "url": "https://simplyprint.io/",
    "archive": "https://github.com/SimplyPrint/OctoPrint-SimplyPrint/archive/master.zip"
  },
  {
    "key": "continuousprint",
    "name": "Continuous Print",
    "url": "https://github.com/smartin015/continuousprint",
    "archive": "https://github.com/smartin015/continuousprint/archive/master.zip"
  },
  {
    "key": "octolapse",
    "name": "Octolapse",
    "url": "https://github.com/FormerLurker/Octolapse",
    "archive": "https://github.com/FormerLurker/Octolapse/archive/refs/tags/v0.4.5.zip"
  }
]