{
  "last_version": "1.11.5",
  "seen_versions": 1,
  "server_starts": 15,
  "prints_started": 5,
  "prints_cancelled": 0,
  "prints_errored": 0,
  "prints_finished": 3,
  "prints_started_per_weekday": {
    "5": 2,
    "6": 3
  },
  "print_duration_total": 29014.092138647,
  "print_duration_cancelled": 0.0,
  "print_duration_errored": 0.0,
  "print_duration_finished": 26023.699181279,
  "longest_print_duration": 17945.22020386,
  "longest_print_date": 1766884269,
  "files_uploaded": 10,
  "files_deleted": 8,
  "plugins_installed": 18,
  "plugins_uninstalled": 1,
  "most_plugins": 41,
  "achievements": 7
}