{
  "stats": {
    "last_version": "1.11.5",
    "seen_versions": 1,
    "server_starts": 15,
    "prints_started": 5,
    "prints_cancelled": 0,
    "prints_errored": 0,
    "prints_finished": 3,
    "prints_started_per_weekday": {
      "5": 2,
      "6": 3
    },
    "print_duration_total": 29014.092138647,
    "print_duration_cancelled": 0.0,
    "print_duration_errored": 0.0,
    "print_duration_finished": 26023.699181279,
    "longest_print_duration": 17945.22020386,
    "longest_print_date": 1766884269,
    "files_uploaded": 10,
    "files_deleted": 8,
    "plugins_installed": 18,
    "plugins_uninstalled": 1,
    "most_plugins": 41,
    "created": 1766290508,
    "created_version": "1.11.5"
  },
  "achievements": {
    "the_wizard": 1766290518,
    "adventurer": 1766291285,
    "the_organizer": 1766858708,
    "one_small_step_for_man": 1766863387,
    "night_owl": 1766885657,
    "all_beginnings_are_hard": 1766886845,
    "early_bird": 1766896224
  },
  "state": {
    "date_last_print": "2025-12-28",
    "prints_today": 2,
    "date_last_cancelled_print": "2025-12-28",
    "prints_cancelled_today": 4,
    "consecutive_prints_cancelled_today": 2,
    "file_last_print": "local:SimplyPrint/Articulated_Modern_Keychain.gcode:1766888028",
    "consecutive_prints_of_same_file": 1,
    "date_last_weekend_print": "2025-12-28",
    "consecutive_weekend_prints": 0
  }
}