{
  "last_version": "1.11.5",
  "seen_versions": 2,
  "server_starts": 22,
  "prints_started": 46,
  "prints_cancelled": 0,
  "prints_errored": 0,
  "prints_finished": 31,
  "prints_started_per_weekday": {
    "5": 4,
    "6": 9,
    "0": 5,
    "1": 10,
    "2": 5,
    "3": 4,
    "4": 9
  },
  "print_duration_total": 124158.23263232387,
  "print_duration_cancelled": 0.0,
  "print_duration_errored": 0.0,
  "print_duration_finished": 96940.01853402205,
  "longest_print_duration": 21375.178564596,
  "longest_print_date": 1764552984,
  "files_uploaded": 69,
  "files_deleted": 63,
  "plugins_installed": 19,
  "plugins_uninstalled": 5,
  "most_plugins": 50,
  "achievements": 14
}