{
  "stats": {
    "last_version": "1.11.5",
    "seen_versions": 2,
    "server_starts": 22,
    "prints_started": 46,
    "prints_cancelled": 0,
    "prints_errored": 0,
    "prints_finished": 31,
    "prints_started_per_weekday": {
      "5": 4,
      "6": 9,
      "0": 5,
      "1": 10,
      "2": 5,
      "3": 4,
      "4": 9
    },
    "print_duration_total": 124158.23263232387,
    "print_duration_cancelled": 0.0,
    "print_duration_errored": 0.0,
    "print_duration_finished": 96940.01853402205,
    "longest_print_duration": 21375.178564596,
    "longest_print_date": 1764552984,
    "files_uploaded": 69,
    "files_deleted": 63,
    "plugins_installed": 19,
    "plugins_uninstalled": 5,
    "most_plugins": 50,
    "created": 1732023678,
    "created_version": "1.11.4"
  },
  "achievements": {
    "the_wizard": 1732023682,
    "adventurer": 1764464560,
    "all_beginnings_are_hard": 1764477408,
    "one_small_step_for_man": 1764552984,
    "santas_little_helper": 1764635924,
    "the_organizer": 1764640391,
    "the_manufacturer_i": 1764817724,
    "tgif": 1764975391,
    "sprint": 1764981779,
    "so_close": 1764981779,
    "mass_production": 1764982900,
    "night_owl": 1765084041,
    "one_of_those_days": 1766606119,
    "better_safe_than_sorry": 1766642440
  },
  "state": {
    "date_last_print": "2025-12-08",
    "prints_today": 2,
    "date_last_cancelled_print": "2025-12-26",
    "prints_cancelled_today": 2,
    "consecutive_prints_cancelled_today": 12,
    "file_last_print": "local:gridfinity_ruler_v2_6-long_main.aw.gcode:1765242221",
    "consecutive_prints_of_same_file": 1,
    "date_last_weekend_print": "2025-12-07",
    "consecutive_weekend_prints": 1
  }
}