[{"key": "themeify", "name": "Themeify", "url": "https://github.com/birkbjo/OctoPrint-Themeify"}, {"key": "CR10_Leveling", "name": "Manual Bed Tramming", "url": "https://github.com/lsellens/octoprint-manual_bed_tramming"}, {"key": "CalibrationTools", "name": "Calibration Tools", "url": "https://github.com/SergiuToporjinschi/OctoPrint-CalibrationTools"}, {"key": "webcamtab", "name": "WebcamTab", "url": "https://github.com/gruvin/OctoPrint-WebcamTab"}, {"key": "timelapseplus", "name": "Timelapse+", "url": "https://github.com/cmuche/octoprint-timelapseplus"}, {"key": "HeaterTimeout", "name": "HeaterTimeout", "url": "https://github.com/Andy-ch/OctoPrint-HeaterTimeout"}, {"key": "dashboard", "name": "Dashboard", "url": "https://github.com/j7126/OctoPrint-Dashboard"}, {"key": "navbartemp", "name": "Navbar Temperature Plugin", "url": "https://github.com/imrahil/OctoPrint-NavbarTemp"}, {"key": "octopod", "name": "OctoPod Plugin", "url": "https://github.com/gdombiak/OctoPrint-OctoPod"}, {"key": "customControl", "name": "Custom Control Editor", "url": "https://github.com/Salandora/octoprint-customControl"}, {"key": "z_probe_offset", "name": "Z Probe Offset", "url": "https://framagit.org/razer/octoprint_z_probe_offset"}, {"key": "octoeverywhere", "name": "OctoEverywhere!", "url": "http://www.OctoEverywhere.com"}, {"key": "arc_welder", "name": "Arc-Welder", "url": "https://github.com/FormerLurker/ArcWelderPlugin"}, {"key": "bedlevelvisualizer", "name": "Bed Visualizer", "url": "https://github.com/jneilliii/OctoPrint-BedLevelVisualizer"}, {"key": "psucontrol", "name": "PSU Control", "url": "https://github.com/kantlivelong/OctoPrint-PSUControl"}, {"key": "cancelobject", "name": "Cancel Objects", "url": "https://github.com/paukstelis/OctoPrint-Cancelobject"}, {"key": "psucontrol_tapo", "name": "PSU Control - Tapo", "url": "https://github.com/dswd/OctoPrint-PSUControl-Tapo"}, {"key": "simplyfilamentsensor", "name": "SimplyFilamentSensor", "url": "https://github.com/SimplyPrint/OctoPrint-SimplyFilamentSensor"}, {"key": "webcamextras", "name": "WebcamExtras Plugin", "url": "https://github.com/poulou0/OctoPrint-Webcamextras"}, {"key": "dragon_order", "name": "Dragon Order", "url": "https://github.com/jneilliii/OctoPrint-DragonOrder"}, {"key": "PrintTimeGenius", "name": "PrintTimeGenius Plugin", "url": "https://github.com/eyal0/OctoPrint-PrintTimeGenius"}, {"key": "backupscheduler", "name": "Backup Scheduler", "url": "https://github.com/jneilliii/OctoPrint-BackupScheduler"}, {"key": "SimplyPrint", "name": "SimplyPrint Cloud", "url": "https://simplyprint.io/"}, {"key": "continuousprint", "name": "Continuous Print", "url": "https://github.com/smartin015/continuousprint"}, {"key": "octolapse", "name": "Octolapse", "url": "https://github.com/FormerLurker/Octolapse"}]