{
  "1. Layer TEST.aw.aw.gcode": {
    "hash": "fa44655b61a72773d1feb43e8f04e1a5170e52eb",
    "arc_welder": true,
    "arc_welder_statistics": {
      "source_file_total_length": 10311.407583552384,
      "target_file_total_length": 10311.407583552384,
      "source_file_total_count": 777,
      "target_file_total_count": 0,
      "segment_statistics_text": "   Min          Max     Source  Target   Change\n-----------------------------------------------\n  0.000mm to   0.002mm       0       0     0.0%\n  0.002mm to   0.005mm       0       0     0.0%\n  0.005mm to   0.010mm       0       0     0.0%\n  0.010mm to   0.050mm       0       0     0.0%\n  0.050mm to   0.100mm       8       8     0.0%\n  0.100mm to   0.500mm     240     240     0.0%\n  0.500mm to   1.000mm     130     130     0.0%\n  1.000mm to   5.000mm      85      85     0.0%\n  5.000mm to  10.000mm      33      33     0.0%\n 10.000mm to  20.000mm      52      52     0.0%\n 20.000mm to  50.000mm     220     220     0.0%\n 50.000mm to 100.000mm       7       7     0.0%\n          >= 100.000mm       2       2     0.0%\n-----------------------------------------------\n       Total distance:..............10311.408mm\n   Total count source:......................777\n   Total count target:......................777\n Total percent change:.....................0.0%",
      "seconds_elapsed": 0.023405,
      "gcodes_processed": 1236,
      "lines_processed": 1806,
      "points_compressed": 0,
      "arcs_created": 0,
      "source_file_size": 54345,
      "source_file_position": 54345,
      "target_file_size": 54540,
      "compression_ratio": 0.9964246153831482,
      "compression_percent": -0.35881996154785156,
      "source_filename": "1. Layer TEST.aw.gcode",
      "target_filename": "1. Layer TEST.aw.aw.gcode",
      "preprocessing_job_guid": "d3fc973c-d28a-4c33-8bb5-f6be3a6c6dd6"
    },
    "analysis": {
      "analysisPending": false,
      "estimatedPrintTime": 676.3095140399413,
      "printingArea": {
        "maxX": 309.9599914550781,
        "maxY": 350.0,
        "maxZ": 0.8999999761581421,
        "minX": 5.0,
        "minY": 5.0,
        "minZ": 0
      },
      "dimensions": {
        "width": 304.9599914550781,
        "depth": 345.0,
        "height": 0.8999999761581421
      },
      "filament": {
        "tool0": {
          "length": 468.0469073653221,
          "volume": 1.125784743125025
        }
      },
      "firstFilament": 0.13733882030178327,
      "lastFilament": 0.691888431641518,
      "progress": [
        [
          0,
          676.3095140399413
        ],
        [
          0.13733882030178327,
          488.19272952793705
        ],
        [
          0.18028349336991312,
          427.42782658014636
        ],
        [
          0.24718792866941014,
          365.97254596766203
        ],
        [
          0.2839689071787837,
          304.3427835715862
        ],
        [
          0.3165797896662094,
          242.9756612406623
        ],
        [
          0.37013260173754003,
          182.4711572254471
        ],
        [
          0.4565523548239598,
          121.77355794812128
        ],
        [
          0.49922267946959303,
          61.5709395905309
        ],
        [
          0.691888431641518,
          5.734974943802809
        ],
        [
          1,
          0
        ]
      ],
      "analysisPrintTime": 514.6666870272717,
      "analysisFirstFilamentPrintTime": 24.43385853797082,
      "analysisLastFilamentPrintTime": 506.89161312210507,
      "compensatedPrintTime": 676.3095140399413
    },
    "dashboard": {
      "layer_move_array": "[9, 424, 253, 283, 14]",
      "filament_change_array": "[]"
    },
    "continuousprint": {
      "profile": ""
    },
    "history": [
      {
        "timestamp": 1766605455.0950885,
        "success": false,
        "printerProfile": "_default"
      },
      {
        "timestamp": 1766605887.2072418,
        "success": false,
        "printerProfile": "_default"
      },
      {
        "timestamp": 1766606118.9553263,
        "success": false,
        "printerProfile": "_default"
      }
    ],
    "statistics": {
      "averagePrintTime": {},
      "lastPrintTime": {}
    }
  }
}